{
  "version": 1,
  "author": "Anonymous maker",
  "editor": "wokwi",
  "parts": [
    { "type": "wokwi-arduino-uno", "id": "uno", "top": 0, "left": 0, "attrs": {} },
    { "type": "wokwi-servo", "id": "servo1", "top": -146, "left": 19.2, "attrs": {} },
    { "type": "wokwi-potentiometer", "id": "pot1", "top": -78.1, "left": 307, "attrs": {} }
  ],
  "connections": [
    [ "servo1:GND", "uno:GND.1", "black", [ "h-67.2", "v57.6", "h163.5" ] ],
    [ "servo1:V+", "uno:5V", "green", [ "h-48", "v38.5", "h188.8" ] ],
    [ "servo1:PWM", "uno:3", "green", [ "h-19.2", "v19.4", "h227" ] ],
    [ "pot1:GND", "uno:GND.1", "black", [ "v28.8", "h-57.6", "v-57.6", "h-163.2", "v47.4" ] ],
    [ "pot1:VCC", "uno:5V", "red", [ "v268.8", "h-196" ] ],
    [ "pot1:SIG", "uno:A0", "green", [ "v316.8", "h-138" ] ]
  ],
  "dependencies": {}
}