{
  "version": 1,
  "author": "Anonymous maker",
  "editor": "wokwi",
  "parts": [
    { "type": "wokwi-arduino-uno", "id": "uno", "top": 0, "left": 0, "attrs": {} },
    {
      "type": "wokwi-led",
      "id": "led1",
      "top": -70.8,
      "left": 339.8,
      "attrs": { "color": "blue" }
    },
    { "type": "wokwi-led", "id": "led2", "top": -61.2, "left": -25, "attrs": { "color": "red" } },
    {
      "type": "wokwi-pushbutton",
      "id": "btn1",
      "top": -153.5,
      "left": 236.7,
      "rotate": 180,
      "attrs": { "color": "green", "bounce": "0" }
    },
    {
      "type": "wokwi-led",
      "id": "led3",
      "top": -166.8,
      "left": 61.4,
      "attrs": { "color": "yellow" }
    },
    {
      "type": "wokwi-analog-joystick",
      "id": "joystick1",
      "top": -96.6,
      "left": -244.2,
      "attrs": {}
    }
  ],
  "connections": [
    [ "led1:C", "uno:GND.1", "black", [ "h-239.6", "v95.4" ] ],
    [ "led1:A", "uno:13", "green", [ "v0" ] ],
    [ "led2:A", "uno:12", "green", [ "h105.6", "v85.8" ] ],
    [ "led2:C", "uno:GND.1", "black", [ "v0" ] ],
    [ "uno:8", "btn1:1.l", "violet", [ "h57.4", "v-76.2", "h73.3" ] ],
    [ "led3:A", "uno:10", "red", [ "v48", "h67.1" ] ],
    [ "led3:C", "uno:GND.1", "green", [ "v0" ] ],
    [ "btn1:2.r", "uno:GND.1", "green", [ "h-25.5", "v146.5" ] ],
    [ "joystick1:GND", "uno:GND.1", "black", [ "v0" ] ],
    [ "uno:5V", "joystick1:VCC", "red", [ "v67.7", "h-371.2" ] ],
    [ "joystick1:HORZ", "uno:A0", "green", [ "v192", "h400" ] ],
    [ "joystick1:VERT", "uno:A1", "green", [ "v211.2", "h419.1" ] ],
    [ "joystick1:SEL", "uno:A3", "green", [ "v0" ] ]
  ],
  "dependencies": {}
}