{
  "version": 1,
  "author": "Anonymous maker",
  "editor": "wokwi",
  "parts": [
    { "type": "wokwi-arduino-uno", "id": "uno", "top": 0, "left": 0, "attrs": {} },
    { "type": "wokwi-led", "id": "led1", "top": -109.2, "left": 167, "attrs": { "color": "red" } },
    {
      "type": "wokwi-analog-joystick",
      "id": "joystick1",
      "top": -135,
      "left": -167.4,
      "attrs": {}
    },
    {
      "type": "wokwi-led",
      "id": "led2",
      "top": -109.2,
      "left": 282.2,
      "attrs": { "color": "yellow" }
    }
  ],
  "connections": [
    [ "led1:C", "uno:GND.1", "green", [ "h-66.8", "v76.2" ] ],
    [ "led1:A", "uno:2", "green", [ "h57.6", "v76.2" ] ],
    [ "led2:A", "uno:3", "green", [ "v0" ] ],
    [ "led2:C", "uno:GND.1", "green", [ "v28.8", "h-182", "v47.4" ] ],
    [ "joystick1:GND", "uno:GND.1", "black", [ "v0" ] ],
    [ "joystick1:VCC", "uno:5V", "red", [ "v259.2", "h294.4" ] ],
    [ "joystick1:HORZ", "uno:A0", "green", [ "v230.4", "h323.2" ] ],
    [ "joystick1:VERT", "uno:A1", "green", [ "v249.6", "h342.3" ] ],
    [ "joystick1:SEL", "uno:A2", "green", [ "v288", "h342.1" ] ]
  ],
  "dependencies": {}
}